83a3be90-3450-4adc-a658-cbdbcc708838,a0001路由器,2350,57,decscription aaaa decscription aaaa
48d8baa3-b196-4164-911e-9131b7062d4b,a0002路由器,2360,57,decscription bbbb decscription bbbb
cb8a4bd3-aafa-41a9-b3f8-52e51f6fb487,a0003路由器,2370,57,decscription cccc decscription cccc
78ffd5bb-cf30-4a78-942a-0e38b59a6f42,a0004路由器,2380,57,decscription dddd decscription dddd
2e4e0fb1-e334-4a4f-893e-9745897de718,a0005路由器,2390,57,decscription eeee decscription eeee
6ac7f1df-cc0b-4395-bc16-410ed81cdcb5,a0006路由器,2400,57,decscription ffff decscription ffff
1873439b-b9f6-4ff1-a3df-21577121f42e,a0007路由器,2410,57,decscription gggg decscription gggg
39d0e715-a5d1-4324-a3ad-3d98bd1ec8e3,a0008路由器,2420,57,decscription hhhh decscription hhhh
fa5aa45f-aea2-4fb6-9846-7664416d9dde,a0009路由器,2430,57,decscription iiii decscription iiii
aea6e245-9bc2-42de-8061-4a87bc75f559,a0010路由器,2440,57,decscription aaaa decscription aaaa
c1fafd68-12ac-4e24-803c-7292fe306516,a0011路由器,2450,57,decscription aaaa decscription aaaa
be567b93-85f1-4325-bcea-b836704039eb,a0012路由器,2460,57,decscription aaaa decscription aaaa
8390b3cb-0779-48b9-b3dc-e75cd3a7ccb8,a0013路由器,2470,57,decscription aaaa decscription aaaa
f0c6bbe9-4e06-41f1-bfd3-5d89e4ed637d,a0014路由器,2480,57,decscription aaaa decscription aaaa
3cef907c-9e0a-42fd-9e57-8554e3e62d2a,a0015路由器,2490,57,decscription aaaa decscription aaaa
f234c614-0e95-4d1d-9b97-e2e7e96b79e7,a0016路由器,2500,57,decscription aaaa decscription aaaa
7265e783-b188-41d5-9ab2-2dbd15660643,a0017路由器,2510,57,decscription aaaa decscription aaaa
d199a8e3-8028-4481-947d-4401f7c2d7c5,a0018路由器,2520,57,decscription aaaa decscription aaaa
efc74a48-4011-4d8c-a23f-482a9396420c,a0019路由器,2530,57,decscription aaaa decscription aaaa
0e98700a-9de9-4b07-889b-bd998d9fdbd7,a0020路由器,2540,57,decscription aaaa decscription aaaa
3b69aa71-5de5-4e55-a776-d1bc7514211e,a0021路由器,2550,57,decscription aaaa decscription aaaa
72e89516-8389-4136-9d66-b23ab3925bf3,a0022路由器,2560,57,decscription aaaa decscription aaaa
8cb08f7e-37a7-449f-87f7-ecba85336b64,a0023路由器,2570,57,decscription aaaa decscription aaaa
36d7374a-5344-4bb2-9c4a-f2850e8e603d,a0024路由器,2580,57,decscription aaaa decscription aaaa
a6d3cdeb-69b1-470b-9515-77e2c532f818,a0025路由器,2590,57,decscription aaaa decscription aaaa
6bbee4c4-293f-42e4-9449-fe9571da7f1c,a0026路由器,2600,57,decscription aaaa decscription aaaa
ad6cd2b3-49ae-4a95-9fac-cc7e4830176a,a0027路由器,2610,57,decscription aaaa decscription aaaa
ebea2be1-cce1-46ae-936a-ca851e98cdbe,a0028路由器,2620,57,decscription aaaa decscription aaaa
afb827cd-e53d-43ef-88ea-4f1e8eed1ff2,a0029路由器,2630,57,decscription aaaa decscription aaaa
65dee8f9-0c9c-40cf-b138-6f362dfa9311,a0030路由器,2640,57,decscription aaaa decscription aaaa
4dbb5ca8-7481-4f4d-8975-8812373063cd,a0031路由器,2650,57,decscription aaaa decscription aaaa
4d012aa3-71e3-40c2-8dc8-bef39fa322e2,a0032路由器,2660,57,decscription aaaa decscription aaaa
5033d328-ae7f-4c6e-80ff-14a31ef2240a,a0033路由器,2670,57,decscription aaaa decscription aaaa
5fd66e7b-99c6-47f3-be95-75e2d64166c2,a0034路由器,2680,57,decscription aaaa decscription aaaa
2798b0b3-d8d4-4d28-8cb7-4a7fe83ffa88,a0035路由器,2690,57,decscription aaaa decscription aaaa